{
    "mean_fit_time": [
        147.2753715276718,
        145.20470962524413,
        121.76631548404694,
        71.40503067970276,
        47.73520395755768,
        50.37330977916717,
        43.77836997509003
    ],
    "std_fit_time": [
        0.601249603410791,
        0.8551180165242152,
        0.6155212820256005,
        0.7010799089327215,
        0.9168279004637807,
        1.1449428948240412,
        6.715952428965166
    ],
    "mean_score_time": [
        8.28818063735962,
        8.21707375049591,
        7.533430790901184,
        5.3128032207489015,
        4.034333014488221,
        4.265228796005249,
        3.080781102180481
    ],
    "std_score_time": [
        0.10039219621912096,
        0.10956858486105152,
        0.06120454500754899,
        0.09983400472345602,
        0.08060439055339472,
        0.3913009098862044,
        1.0788174907089383
    ]
}