{
    "Total Time Elapsed (seconds)": 6501.188270807266,
    "Average Accuracy": 0.9722666666666667,
    "Standard Deviation of Accuracy": 0.0028927111466196926,
    "Fold1": {
        "Accuracy": 0.9756666666666667,
        "Time Consumed": 656.7610433101654
    },
    "Fold2": {
        "Accuracy": 0.9695,
        "Time Consumed": 651.6996443271637
    },
    "Fold3": {
        "Accuracy": 0.9716666666666667,
        "Time Consumed": 639.0237758159637
    },
    "Fold4": {
        "Accuracy": 0.9745,
        "Time Consumed": 651.670095205307
    },
    "Fold5": {
        "Accuracy": 0.9711666666666666,
        "Time Consumed": 661.4427947998047
    },
    "Fold6": {
        "Accuracy": 0.9728333333333333,
        "Time Consumed": 653.5277478694916
    },
    "Fold7": {
        "Accuracy": 0.9735,
        "Time Consumed": 666.501891374588
    },
    "Fold8": {
        "Accuracy": 0.9698333333333333,
        "Time Consumed": 625.8873600959778
    },
    "Fold9": {
        "Accuracy": 0.967,
        "Time Consumed": 643.6386694908142
    },
    "Fold10": {
        "Accuracy": 0.977,
        "Time Consumed": 650.6474628448486
    }
}