{
    "mean_fit_time": [
        22.116849517822267,
        15.935598349571228,
        15.40478982925415,
        14.251541423797608,
        13.695139646530151,
        13.83484501838684,
        13.544336199760437,
        13.403223872184753,
        13.541022109985352,
        11.543747758865356
    ],
    "std_fit_time": [
        0.34429768068359734,
        0.1155023838213681,
        0.3329518787733755,
        0.19164386079000822,
        0.1309591613275822,
        0.11699418554304093,
        0.21787241095492285,
        0.15215407592740327,
        0.1393066682167343,
        2.405059832236758
    ],
    "mean_score_time": [
        3.543295407295227,
        2.7312626123428343,
        2.6655118465423584,
        2.520926809310913,
        2.438717746734619,
        2.4587331056594848,
        2.3331327199935914,
        2.3278499364852907,
        2.356485390663147,
        1.7689223051071168
    ],
    "std_score_time": [
        0.08113066139337159,
        0.04177104999443276,
        0.0802268202165532,
        0.06978414220873705,
        0.07275586170799536,
        0.07114405500986612,
        0.0761259602077576,
        0.06901709543173944,
        0.10593138204880961,
        0.49266104291590207
    ]
}