{
    "mean_fit_time": [
        141.63140227794648,
        149.60177791118622,
        152.4972053527832,
        42.11881778240204,
        155.77431123256684,
        151.93436727523803,
        28.535554671287535,
        149.0675968647003,
        136.05618965625763
    ],
    "std_fit_time": [
        4.569555849796027,
        2.179963244155055,
        4.887747996094342,
        1.5203957253784297,
        5.811539874405025,
        3.1933312111300354,
        0.9649071434522881,
        3.4218654805309923,
        22.309456946738383
    ],
    "mean_score_time": [
        10.073966193199158,
        11.15853579044342,
        11.870231580734252,
        7.482698082923889,
        12.392215275764466,
        13.11918089389801,
        5.334658885002137,
        12.034012413024902,
        9.6859943151474
    ],
    "std_score_time": [
        1.0320708424120986,
        1.1580492688338686,
        0.5941951678864594,
        0.6440566603147841,
        0.7726649918193864,
        0.9761439267811257,
        0.17307674558390948,
        0.38584516122185347,
        3.0162684575198733
    ]
}